application,mof_id,precursor,true_label,predicted_label,probability,error_type,likely_cause,deployment_model
ch4_storage,4326,[Fe].[Na].[O]c1c(C=NCCN=Cc2cc(OCc3cc(cc(c3)C(=O)[O-])C(=O)[O-])cc(c2[O])C(C)(C)C)cc(cc1C(C)(C)C)OCc1cc(cc(c1)C(=O)[O-])C(=O)[O-].[Zn],0,1,0.8059419989585876,false_positive,unexplained,xgboost
ch4_storage,1071,[Cu][Cu].[O-]C(=O)c1cc(OCc2cccc(c2)COc2cc(cc(c2)C(=O)[O-])C(=O)[O-])cc(c1)C(=O)[O-],0,1,0.7631123661994934,false_positive,unexplained,xgboost
ch4_storage,2197,N1=NC2=C[C](C=CC2=N1)c1ccc2c(c1)N=N[N]2.N1=NC2=C[C](C=CC2=N1)c1ccc2c(c1)[N]N=N2.N1=N[C]2C(=N1)C=CC(=C2)[C]1C=CC2=NN=NC2=C1.[Co].[Zn],1,0,0.13327330350875854,false_negative,multiple_linker_fragments,xgboost
ch4_storage,2749,[Al].[O-]C(=O)[C]1[C][C][C]([C][C]1)C(=O)[O-].[O].[O][C]([C]1[C][C][C]([C][C]1)C(=O)[O-])[O],0,1,0.43376395106315613,false_positive,multiple_linker_fragments,xgboost
ch4_storage,522,[Cd].[O-]C(=O)c1cc(COc2cc(cc(c2)C(=O)[O-])C(=O)[O-])cc(c1)COc1cc(cc(c1)C(=O)[O-])C(=O)[O-],1,0,0.2538493275642395,false_negative,unexplained,xgboost
ch4_storage,1905,[CH]1C2[CH]C3C42C1C34.[O]C[C](C[O])C[O].[Co].[Co][O]([Co])([Co])([Co])([Co])[Co].[O-]C(=O)C.[O]CC(c1ccncc1)(C[O])C[O],1,0,0.21938636898994446,false_negative,multiple_linker_fragments,xgboost
ch4_storage,5546,[Ag].[Cr].[O-]C(=O)C(=O)[O-],1,0,0.05357212945818901,false_negative,unexplained,xgboost
ch4_storage,2398,[La].[O-][n+]1ccc(cc1)c1cc[n+](cc1)[O-],1,0,0.06448622792959213,false_negative,unexplained,xgboost
ch4_storage,3400,CO[C](c1cc(cc(c1)C(=O)[O-])C(=O)[O-])OC.[CH2]O[C](c1cc(cc(c1)C(=O)[O-])C(=O)[O-])OC.[CH2]O[C](c1cc(cc(c1)C(=O)[O-])C(=O)[O-])O[CH2].[Cu][Cu],0,1,0.7243791818618774,false_positive,multiple_linker_fragments,xgboost
ch4_storage,7286,O=C(c1ccc(cc1)C(=O)[O-])Nc1cc(cc(c1)C(=O)[O-])C(=O)[O-].[Zn][O]1[Zn][O]([Zn]1)[Zn].n1ccc(cc1)C=Cc1ccncc1,0,1,0.6047102808952332,false_positive,multiple_linker_fragments,xgboost
ch4_storage,63,[Ce].[O-]C(=O)c1ccc(cc1)c1ccc(cc1)C(=O)[O-],1,0,0.1605209857225418,false_negative,unusual_metal,xgboost
ch4_storage,7375,[Ga].[O-]C(=O)c1cc(cc(c1)C(=O)[O-])c1cc(cc(c1)C(=O)[O-])C(=O)[O-].[OH],0,1,0.350049763917923,false_positive,unusual_metal,xgboost
ch4_storage,5350,O=C(Nc1ccncc1)Nc1ccncc1.[O-]C(=O)c1ccc(cc1)c1ccc(cc1)C(=O)[O-].[Zn],1,0,0.1568446010351181,false_negative,multiple_linker_fragments,xgboost
ch4_storage,1501,[O-]C(=O)c1cc(cc(c1)C(=O)[O-])c1cc(cc(c1)C(=O)[O-])C(=O)[O-].[O].[V],1,0,0.24648655951023102,false_negative,unusual_metal,xgboost
ch4_storage,1500,[O-]C(=O)c1cc(cc(c1)C(=O)[O-])c1cc(cc(c1)C(=O)[O-])C(=O)[O-].[O].[V],1,0,0.24648655951023102,false_negative,unusual_metal,xgboost
ch4_storage,6137,[Ni][OH]1[Ni][OH]([Ni]1)[Ni].[O-]C(=O)c1cc(cc(c1)C(=O)[O-])c1cc(ccc1C(=O)[O-])C(=O)[O-],0,1,0.3471410572528839,false_positive,unexplained,xgboost
ch4_storage,425,[Ce].[O-]C(=O)c1ccc(cc1)C=Nc1cc(cc(c1)C(=O)[O-])C(=O)[O-],0,1,0.6222971677780151,false_positive,unusual_metal,xgboost
ch4_storage,7836,[Co].[O-][n+]1ccc(cc1)c1cc[n+](cc1)[O-],1,0,0.2740402817726135,false_negative,unexplained,xgboost
ch4_storage,6673,[O-]C(=O)c1cc(cc(c1)C(=O)[O-])c1cc(cc(c1)C(=O)[O-])C(=O)[O-].[OH].[V],1,0,0.24648655951023102,false_negative,unusual_metal,xgboost
ch4_storage,6082,[O]N(c1cc(cc(c1)C(=O)[O-])C(=O)[O-])[N]c1cc(cc(c1)C(=O)[O-])C(=O)[O-].[Zn],0,1,0.5168290138244629,false_positive,unexplained,xgboost
ch4_storage,6073,[Nd].[O-]C(=O)c1ccc(cc1)C1=C2C=CC(=N2)C(=c2ccc(=C(C3=NC(=C(c4[nH]c1cc4)c1ccc(cc1)C(=O)[O-])C=C3)c1ccc(cc1)C(=O)[O-])[nH]2)c1ccc(cc1)C(=O)[O-],0,1,0.39610907435417175,false_positive,out_of_domain_linker_size,xgboost
ch4_storage,2053,[Cr].[Mn].[O-]C(=O)C(=O)[O-],1,0,0.08244173228740692,false_negative,unexplained,xgboost
ch4_storage,3011,[Zn].n1ccc(cc1)c1nnc(s1)c1ccncc1,0,1,0.4554192125797272,false_positive,unexplained,xgboost
ch4_storage,7327,[Cu].[Cu][Cu].[O-]C(=O)c1cc(ccc1c1cc(cc(c1)C(=O)[O-])C(=O)[O-])C(=O)[O-],0,1,0.4457591772079468,false_positive,unexplained,xgboost
ch4_storage,7565,[Cr].[Mn].[O-]C(=O)C(=O)[O-],1,0,0.08244173228740692,false_negative,unexplained,xgboost
ch4_storage,4234,[O-]C(=O)c1ccc(cc1)c1cc(cc(c1)C(=O)[O-])C(=O)[O-].[Yb],1,0,0.2599490284919739,false_negative,unusual_metal,xgboost
ch4_storage,4201,[O-]C(=O)c1ccc(cc1)c1cccc(c1)c1ccc(cc1)C(=O)[O-].[Zn].n1ccc(cc1)c1ccc(cc1)N(c1ccc(cc1)c1ccncc1)c1ccc(cc1)c1ccc(cc1)N(c1ccc(cc1)c1ccncc1)c1ccc(cc1)c1ccncc1,0,1,0.3623373508453369,false_positive,out_of_domain_linker_size,xgboost
ch4_storage,5904,[O-]C(=O)c1cc(cc(c1)c1ccc(c(c1)O)C(=O)[O-])C(=O)[O-].[Tb],1,0,0.2585102319717407,false_negative,unexplained,xgboost
ch4_storage,4376,[Dy].[O-]C(=O)c1ccc(cc1)COc1cc(cc(c1)C(=O)[O-])C(=O)[O-],1,0,0.07263778150081635,false_negative,unusual_metal,xgboost
ch4_storage,422,[Eu].[O-]C(=O)c1ccc(cc1)C=Nc1cc(cc(c1)C(=O)[O-])C(=O)[O-],0,1,0.4073925316333771,false_positive,unexplained,xgboost
ch4_storage,3907,[O-]C(=O)c1ccc(cc1)c1ccc(cc1)C(=O)[O-].[O].[V],1,0,0.2566285729408264,false_negative,unusual_metal,xgboost
ch4_storage,835,[Eu].[O-]C(=O)c1ccc(cc1)C=Nc1cc(cc(c1)C(=O)[O-])C(=O)[O-],0,1,0.4073925316333771,false_positive,unexplained,xgboost
ch4_storage,1033,[Na].[Na][OH2][Na].[O-]C(=O)C.[O-]C(=O)c1ccc(cc1)C1=C2C=CC(=N2)C(=c2ccc(=C(C3=NC(=C(c4[nH]c1cc4)c1ccc(cc1)C(=O)[O-])C=C3)c1ccc(cc1)C(=O)[O-])[nH]2)c1ccc(cc1)C(=O)[O-],0,1,0.40805262327194214,false_positive,unusual_metal,xgboost
ch4_storage,5212,[Er][Er].[O-]C(=O)c1ccc(cc1)c1ccc(cc1)C(=O)[O-],1,0,0.2089599370956421,false_negative,unusual_metal,xgboost
ch4_storage,7838,[Co].[O-][n+]1ccc(cc1)c1cc[n+](cc1)[O-],1,0,0.2740402817726135,false_negative,unexplained,xgboost
ch4_storage,4375,[Er].[O-]C(=O)c1ccc(cc1)COc1cc(cc(c1)C(=O)[O-])C(=O)[O-],1,0,0.07263778150081635,false_negative,unusual_metal,xgboost
ch4_storage,3047,[Co][OH]1[Co][OH]([Co]1)[Co].[O-]C(=O)c1ccc(cc1)COc1cc(cc(c1)C(=O)[O-])C(=O)[O-],0,1,0.3974487781524658,false_positive,unexplained,xgboost
ch4_storage,938,[Cd].n1ccc(cc1)N(c1ccncc1)c1ccc(cc1)N(c1ccncc1)c1ccncc1,1,0,0.17209742963314056,false_negative,unexplained,xgboost
ch4_storage,3326,[Cr].[Na].[O-]C(=O)C(=O)[O-],1,0,0.03683799132704735,false_negative,unusual_metal,xgboost
ch4_storage,7837,[Co].[O-][n+]1ccc(cc1)c1cc[n+](cc1)[O-],1,0,0.2740402817726135,false_negative,unexplained,xgboost
ch4_storage,4413,C(CN1[N]C=N[CH]1)CCN1[N]C=N[CH]1.C(CN1[N]C=N[CH]1)CCn1ncnc1.C(Cn1ncnc1)CCn1ncnc1.[Co],1,0,0.2803106904029846,false_negative,multiple_linker_fragments,xgboost
ch4_storage,395,N1=NN=C([N]1)c1ccc2c(c1)ccc(c2)C1=NN=N[N]1.[Mn][O]([Mn][O]([Mn])[Mn])[Mn],1,0,0.2380158007144928,false_negative,unexplained,xgboost
ch4_storage,7127,C1CN2CCN1CC2.[Ag],1,0,0.022987063974142075,false_negative,unexplained,xgboost
ch4_storage,7365,[Ag][Ag][Ag].c1ccc(cn1)c1[nH]nc(n1)C1=NN[C]=N1,1,0,0.021611763164401054,false_negative,unexplained,xgboost
ch4_storage,5562,[Gd].[O-]C(=O)c1ccc(cc1O)c1ccc(c(c1)[O])C(=O)[O-],1,0,0.1166481077671051,false_negative,unexplained,xgboost
ch4_storage,5116,[O-]C(=O)c1ccc(cc1)CN(Cc1ccc(cc1)C(=O)[O-])CCN(Cc1ccc(cc1)C(=O)[O-])Cc1ccc(cc1)C(=O)[O-].[Zn],0,1,0.37711209058761597,false_positive,unexplained,xgboost
ch4_storage,5331,N#C[C](C(=C(C#N)C#N)C#N)C#N.[Cr],0,1,0.42435336112976074,false_positive,unusual_metal,xgboost
ch4_storage,4287,[In].[O-]C(=O)c1cc(cc(c1)C(=O)[O-])c1cc(cc(c1)C(=O)[O-])C(=O)[O-].[OH],0,1,0.4638707935810089,false_positive,unusual_metal,xgboost
ch4_storage,109,[Mn].[Mn][OH2][Mn][OH2][Mn].[O-]C(=O)c1cc(cc(c1)C(=O)[O-])c1cc(cc(c1)C(=O)[O-])C(=O)[O-],0,1,0.5518078804016113,false_positive,unexplained,xgboost
ch4_storage,2483,[Cu].n1ncn(c1)[N][N]n1cnnc1,0,1,0.3936871886253357,false_positive,unexplained,xgboost
ch4_storage,5211,[Ho][Ho].[O-]C(=O)c1ccc(cc1)c1ccc(cc1)C(=O)[O-],1,0,0.2089599370956421,false_negative,unusual_metal,xgboost
ch4_storage,4639,[Mg].[O-]C(=O)c1ccc(s1)C(=O)[O-],0,1,0.401959091424942,false_positive,unexplained,xgboost
ch4_storage,1669,[Nd].[O-]C(=O)c1ccc(cc1)c1cc(c2ccc(cc2)C(=O)O)c(cc1c1ccc(cc1)C(=O)[O-])c1ccc(cc1)C(=O)[O-],0,1,0.33476904034614563,false_positive,unexplained,xgboost
ch4_storage,5441,[Ga].[O-]C(=O)c1cc(cc(c1)C(=O)[O-])c1cc(cc(c1)C(=O)[O-])C(=O)[O-].[OH],0,1,0.350049763917923,false_positive,unusual_metal,xgboost
ch4_storage,962,[OH]12[Eu]345[OH]6[Eu]782[O]29%105[Eu]5%111[OH]4[Eu]149[OH]3[Eu]362[OH]8[Eu]%10([OH]51)([OH]7%11)[OH]43.[O]S(c1ccc(cc1)C1=C2C=CC(=N2)C(=c2ccc(=C(C3=NC(=C(c4[nH]c1cc4)c1ccc(cc1)S([O])([O])[O])C=C3)c1ccc(cc1)S([O])([O])[O])[nH]2)c1ccc(cc1)S([O])([O])[O])([O])[O],0,1,0.37651464343070984,false_positive,out_of_domain_linker_size,xgboost
ch4_storage,2968,O=C(c1cccnc1)c1cccc(n1)C(=O)c1cccnc1.[Cd],1,0,0.040758732706308365,false_negative,unexplained,xgboost
ch4_storage,6676,[O-]C(=O)c1cc(cc(c1)C(=O)[O-])c1cc(cc(c1)C(=O)[O-])C(=O)[O-].[OH].[V],1,0,0.24648655951023102,false_negative,unusual_metal,xgboost
ch4_storage,4320,[In].[O-]C(=O)c1cc(cc(c1)C(=O)[O-])c1cc(cc(c1)C(=O)[O-])C(=O)[O-].[OH],0,1,0.4638707935810089,false_positive,unusual_metal,xgboost
ch4_storage,3262,N#C[C](C(=C(C#N)C#N)C#N)C#N.[Fe],0,1,0.46385884284973145,false_positive,unexplained,xgboost
ch4_storage,7678,NNC(=O)NN=C(c1ccncc1)C.NNC(=O)N[N][C](c1ccncc1)C.[Zn],1,0,0.1637316644191742,false_negative,multiple_linker_fragments,xgboost
ch4_storage,4318,[In].[O-]C(=O)c1cc(cc(c1)C(=O)[O-])c1cc(cc(c1)C(=O)[O-])C(=O)[O-].[OH],0,1,0.4638707935810089,false_positive,unusual_metal,xgboost
ch4_storage,4319,[In].[O-]C(=O)c1cc(cc(c1)C(=O)[O-])c1cc(cc(c1)C(=O)[O-])C(=O)[O-].[OH],0,1,0.4638707935810089,false_positive,unusual_metal,xgboost
ch4_storage,5453,Cl[Cd].N1=NN=C([N]1)c1ccc(cc1)C1=NN=N[N]1,1,0,0.18602843582630157,false_negative,unexplained,xgboost
ch4_storage,2312,[O-]C(=O)c1ccc(cc1)[N][N]c1ccc(cc1)C(=O)[O-].[Tb],0,1,0.39433959126472473,false_positive,unexplained,xgboost
ch4_storage,3003,[Cu].[Cu][O]1([Cu][Cu]1)[Mn][O]1([Cu])[Cu][Cu]1.[O-]C(=O)c1cc(cc(c1)C(=O)[O-])C1=C2C=CC(=C(c3cc(cc(c3)C(=O)[O-])C(=O)[O-])C3=NC(=C(C4=CC=C(C(=C5N=C1C=C5)c1cc(cc(c1)C(=O)[O-])C(=O)[O-])[N]4)c1cc(cc(c1)C(=O)[O-])C(=O)[O-])C=C3)[N]2,0,1,0.8263615965843201,false_positive,out_of_domain_linker_size,xgboost
ch4_storage,3745,[Zn].n1ncn(c1)[N][N]n1cnnc1,0,1,0.38484081625938416,false_positive,unexplained,xgboost
ch4_storage,923,N1=NN=C([N]1)c1ccc(cc1)C1=NN=N[N]1.[Fe].[O-]C(=O)C(=O)[O-],1,0,0.175071120262146,false_negative,multiple_linker_fragments,xgboost
ch4_storage,2311,[Gd].[O-]C(=O)c1ccc(cc1)[N][N]c1ccc(cc1)C(=O)[O-],0,1,0.40328994393348694,false_positive,unexplained,xgboost
ch4_storage,921,N1=NN=C([N]1)c1ccc(cc1)C1=NN=N[N]1.[Fe].[O-]C(=O)C(=O)[O-],1,0,0.175071120262146,false_negative,multiple_linker_fragments,xgboost
ch4_storage,394,N1=NN=C([N]1)c1ccc2c(c1)ccc(c2)C1=NN=N[N]1.[Mn][O]([Mn])[Mn],1,0,0.2775893211364746,false_negative,unexplained,xgboost
ch4_storage,2293,O=C(N1CCCC1C(=O)[O-])c1cc(cc(c1)C(=O)[O-])C(=O)[O-].[Cu][Cu].[O-]C(=O)[C]1[C][C](C(=O)[O-])[C]2C34[C]1[C]3[C]([C][C]([C]24)C(=O)[O-])C(=O)[O-],0,1,0.36213433742523193,false_positive,multiple_linker_fragments,xgboost
ch4_storage,7028,[O-]C(=O)c1ccc(cc1)c1cc(cc(c1)C(=O)[O-])C(=O)[O-].[Zn],0,1,0.4764857590198517,false_positive,unexplained,xgboost
ch4_storage,662,Cl[Cu]Cl.n1ccc(cc1)c1ccc(cc1)N(c1ccc(cc1)c1ccncc1)c1ccc(cc1)c1ccncc1,0,1,0.3802528977394104,false_positive,unexplained,xgboost
ch4_storage,758,[Co].[O-]C(=O)C(=O)[O-],1,0,0.14789368212223053,false_negative,unexplained,xgboost
ch4_storage,6064,N1=NN=C([N]1)c1ccc(cc1)C1=NN=N[N]1.[Mn],1,0,0.30961430072784424,false_negative,unexplained,xgboost
ch4_storage,1869,[Nd].[O-]C(=O)c1ccc(cc1)C=Nc1cc(cc(c1)C(=O)[O-])C(=O)[O-],0,1,0.5906579494476318,false_positive,unexplained,xgboost
ch4_storage,2680,[In]O[In].[O-]C(=O)C1=[C]C(=[C]C(=[C]1)C(=O)[O-])C(=O)[O-].[O-]C(=O)c1cc(cc(c1)C(=O)[O-])C(=O)[O-].[O-]C(=O)c1ccc(cc1)c1cc(cc(c1)c1ccc(cc1)C(=O)[O-])c1ccc(cc1)C(=O)[O-],0,1,0.9499707818031311,false_positive,unusual_metal,xgboost
ch4_storage,1648,O=C(c1ccc(cc1)C(=O)Nc1cc(cc(c1)C(=O)[O-])C(=O)[O-])Nc1cc(cc(c1)C(=O)[O-])C(=O)[O-].[Cd],0,1,0.6528193950653076,false_positive,unexplained,xgboost
ch4_storage,1504,[O-]C(=O)c1cc(cc(c1)C(=O)[O-])c1cc(cc(c1)C(=O)[O-])C(=O)[O-].[OH].[V],1,0,0.24648655951023102,false_negative,unusual_metal,xgboost
ch4_storage,3197,[Cu].[Cu]Br.[O-]C(=O)C(C(=O)[O-])(O)[O].[O-]C(=O)C(C(=O)[O-])([O])O.[Zn],1,0,0.024918174371123314,false_negative,multiple_linker_fragments,xgboost
ch4_storage,6252,N1=C[N]N([CH]1)CCN1[N]C=N[CH]1.[Cu].n1cnn(c1)CCn1ncnc1,0,1,0.4626747965812683,false_positive,multiple_linker_fragments,xgboost
ch4_storage,7858,[O-]C(=O)c1ccc(cc1)CN1CCN(CCN(CC1)Cc1ccc(cc1)C(=O)[O-])Cc1ccc(cc1)C(=O)[O-].[Zn],1,0,0.2564854323863983,false_negative,unexplained,xgboost
ch4_storage,5443,[Fe].[O-]C(=O)c1cc(cc(c1)C(=O)[O-])c1cc(cc(c1)C(=O)[O-])C(=O)[O-].[OH],0,1,0.350049763917923,false_positive,unexplained,xgboost
ch4_storage,7406,[O-]C(=O)c1ccc(cc1)c1ccc(cc1)C(=O)[O-].[OH]12[Tb]34[OH]5[Tb]62[OH]2[Tb]71[OH]4[Tb]14[OH]3[Tb]35[OH]6[Tb]2([OH]71)[OH]43,1,0,0.1955043226480484,false_negative,unexplained,xgboost
ch4_storage,4377,[O-]C(=O)c1ccc(cc1)COc1cc(cc(c1)C(=O)[O-])C(=O)[O-].[Tb],1,0,0.06708769500255585,false_negative,unexplained,xgboost
ch4_storage,216,Nn1c(nnc1c1ccncc1)c1ccncc1.[O-]C(=O)c1ccc(cc1)c1ccc(cc1)N(c1ccc(cc1)c1ccc(cc1)C(=O)[O-])c1ccc(cc1)c1ccc(cc1)C(=O)[O-].[Zn],1,0,0.21005111932754517,false_negative,out_of_domain_linker_size,xgboost
ch4_storage,1824,[O-]C(=O)c1ccc(nc1)c1ccncc1.[Zn][OH][Zn],0,1,0.3763999044895172,false_positive,unexplained,xgboost
ch4_storage,2751,[Al].[O-]C(=O)[C]1[C][C][C]([C][C]1)C(=O)[O-].[O].[O][C]([C]1[C][C][C]([C][C]1)C(=O)[O-])[O],0,1,0.43376395106315613,false_positive,multiple_linker_fragments,xgboost
ch4_storage,6852,[Cd].[O-]C(=O)C1=CC=C([C]=C1)C#Cc1c(C)c(C#Cc2ccc(cc2)C(=O)[O-])c(c(c1C)C#Cc1ccc(cc1)C(=O)[O-])C.[O-]C(=O)C1=C[C]=C(C=C1)C#Cc1c(C)c(C#Cc2ccc(cc2)C(=O)[O-])c(c(c1C)C#Cc1ccc(cc1)C(=O)[O-])C.[O-]C(=O)c1ccc(cc1)C#Cc1c(C)c(C#Cc2ccc(cc2)C(=O)[O-])c(c(c1C)C#Cc1ccc(cc1)C(=O)[O-])C,0,1,0.4746236205101013,false_positive,out_of_domain_linker_size,xgboost
ch4_storage,1719,[O-]C(=O)c1ccc(cc1)c1cncc(c1)c1ccc(cc1)C(=O)[O-].[Zn],0,1,0.38185474276542664,false_positive,unexplained,xgboost
ch4_storage,2567,OC(=O)C1=NC(=N[C]1C(=O)[O-])c1ccncc1.[Zn],1,0,0.10795043408870697,false_negative,unexplained,xgboost
ch4_storage,1428,[O-]C(=O)c1cc(cc(c1)C(=O)[O-])c1cc(cc(c1)C(=O)[O-])C(=O)[O-].[OH].[Sc],1,0,0.15352344512939453,false_negative,unusual_metal,xgboost
ch4_storage,5264,C(=CCn1cnnc1)Cn1cnnc1.[Cu],0,1,0.47864794731140137,false_positive,unexplained,xgboost
ch4_storage,6934,[Mg].[O-]C(=O)c1ccc(s1)C(=O)[O-],0,1,0.401959091424942,false_positive,unexplained,xgboost
ch4_storage,5910,[O-]C(=O)c1ccc(cc1)C(=O)[O-].[Zn][Zn].n1ccc(cc1)c1ccc(c2c1nsn2)c1ccncc1,0,1,0.4170919358730316,false_positive,multiple_linker_fragments,xgboost
ch4_storage,7126,CC1=NN=C(N([N]1)[Ag])C.CC1=N[N]C(=N[N]1)C.[Ag],1,0,0.008692685514688492,false_negative,unexplained,xgboost
ch4_storage,5321,[Ca].[Cd].[O-]C(=O)c1cc(cc(c1)C(=O)[O-])c1cc(cc(c1)C(=O)[O-])C(=O)[O-],1,0,0.14002783596515656,false_negative,unusual_metal,xgboost
ch4_storage,4322,[In].[O-]C(=O)c1cc(cc(c1)C(=O)[O-])c1cc(cc(c1)C(=O)[O-])C(=O)[O-].[OH],0,1,0.4638707935810089,false_positive,unusual_metal,xgboost
ch4_storage,1040,[Co].[O]S(=O)(=O)[O].c1nc2c([nH]1)cc1c(c2)[nH]cn1,0,1,0.5362735986709595,false_positive,unexplained,xgboost
ch4_storage,4447,[Cd].[O-]C(=O)c1ccc(cc1)CN1CCN(CCN(CCN(CC1)Cc1ccc(cc1)C(=O)[O-])Cc1ccc(cc1)C(=O)[O-])Cc1ccc(cc1)C(=O)[O-],1,0,0.17790615558624268,false_negative,unexplained,xgboost
ch4_storage,6775,[Cd].[O-]C(=O)c1ccc(cc1)c1ccc(cc1)C(=O)[O-],1,0,0.23201191425323486,false_negative,unexplained,xgboost
ch4_storage,5033,COc1cc(ccc1c1ccc(cc1OC)C(=O)[O-])C(=O)[O-].[Cu][Cu],0,1,0.6461982131004333,false_positive,unexplained,xgboost
ch4_storage,4315,[In].[O-]C(=O)c1cc(cc(c1)C(=O)[O-])c1cc(cc(c1)C(=O)[O-])C(=O)[O-].[OH],0,1,0.4638707935810089,false_positive,unusual_metal,xgboost
ch4_storage,7560,C1CN2CCN1CC2.[Ag],1,0,0.022987063974142075,false_negative,unexplained,xgboost
ch4_storage,3081,[Mn].[O-]C(=O)c1cc(cc(c1)C(=O)[O-])c1cc(cc(c1)C(=O)[O-])C(=O)[O-],1,0,0.25936275720596313,false_negative,unexplained,xgboost
ch4_storage,1162,[Na].[O-]C(=O)c1ccc(cc1)C1=C2C=CC(=N2)C(=c2ccc(=C(C3=NC(=C(c4[nH]c1cc4)c1ccc(cc1)C(=O)O)C=C3)c1ccc(cc1)C(=O)O)[nH]2)c1ccc(cc1)C(=O)O,1,0,0.09767094999551773,false_negative,unusual_metal,xgboost
ch4_storage,1222,[O-]C(=O)c1ccc(cc1)c1c([C])cc(cc1[C])C(=O)[O-].[Zn][O]([Zn])([Zn])[Zn],0,1,0.726723313331604,false_positive,unexplained,xgboost
ch4_storage,4115,[O-]C(=O)c1ccc(cc1)c1ccc(cc1)C(=O)[O-].[Zn][O]([Zn][O]([Zn])[Zn])[Zn],0,1,0.7277064919471741,false_positive,unexplained,xgboost
ch4_storage,1873,[Nd].[O-]C(=O)c1ccc(cc1)C=Nc1cc(cc(c1)C(=O)[O-])C(=O)[O-],0,1,0.5906579494476318,false_positive,unexplained,xgboost
ch4_storage,1191,[Cr].[Mn].[O-]C(=O)C(=O)[O-],1,0,0.08244173228740692,false_negative,unexplained,xgboost
ch4_storage,6268,[Co][Co].[O-]C(=O)c1cc([N][N]c2cc(cc(c2)C(=O)[O-])C(=O)[O-])cc(c1)C(=O)[O-],0,1,0.7132478356361389,false_positive,unexplained,xgboost
ch4_storage,1590,[Co].[O-]C(=O)c1cc(cc(c1)C(=O)[O-])c1cc(cc(c1)C(=O)[O-])C(=O)[O-],1,0,0.28069400787353516,false_negative,unexplained,xgboost
ch4_storage,1403,[Nd].[O-]C(=O)c1cc([N][N]c2cc(cc(c2)C(=O)[O-])C(=O)[O-])cc(c1)C(=O)[O-],0,1,0.37937480211257935,false_positive,unexplained,xgboost
ch4_storage,1108,[Cd].[O-]C(=O)c1cc(cc(c1)C(=O)[O-])c1cc(cc(c1)C(=O)[O-])C(=O)[O-],1,0,0.22287394106388092,false_negative,unexplained,xgboost
ch4_storage,1875,[Nd].[O-]C(=O)c1ccc(cc1)C=Nc1cc(cc(c1)C(=O)[O-])C(=O)[O-],0,1,0.5906579494476318,false_positive,unexplained,xgboost
ch4_storage,920,N1=NN=C([N]1)c1ccc(cc1)C1=NN=N[N]1.[Fe].[O-]C(=O)C(=O)[O-],1,0,0.175071120262146,false_negative,multiple_linker_fragments,xgboost
ch4_storage,6579,[Cu].n1ncn(c1)[N][N]n1cnnc1,0,1,0.3936871886253357,false_positive,unexplained,xgboost
ch4_storage,2315,[Er].[O-]C(=O)c1ccc(cc1)[N][N]c1ccc(cc1)C(=O)[O-],0,1,0.40328994393348694,false_positive,unusual_metal,xgboost
ch4_storage,6671,[O-]C(=O)c1cc(cc(c1)C(=O)[O-])c1cc(cc(c1)C(=O)[O-])C(=O)[O-].[OH].[V],1,0,0.24648655951023102,false_negative,unusual_metal,xgboost
ch4_storage,7471,O=C1[CH]C(=O)C(=O)[CH]C1=O.[Mg].[O]C1=CC(=O)C(=CC1=O)[O],1,0,0.20164954662322998,false_negative,multiple_linker_fragments,xgboost
ch4_storage,1499,[O-]C(=O)c1cc(cc(c1)C(=O)[O-])c1cc(cc(c1)C(=O)[O-])C(=O)[O-].[OH].[V],1,0,0.24648655951023102,false_negative,unusual_metal,xgboost
ch4_storage,4288,[In].[O-]C(=O)c1cc(cc(c1)C(=O)[O-])c1cc(cc(c1)C(=O)[O-])C(=O)[O-].[OH],0,1,0.4638707935810089,false_positive,unusual_metal,xgboost
ch4_storage,4705,[O-]C(=O)c1cccc(c1)c1cc(cc(c1)C(=O)[O-])C(=O)[O-].[Zn][OH][Zn],0,1,0.3919588625431061,false_positive,unexplained,xgboost
ch4_storage,7398,[Cd].[O-]C(=O)c1ccc(cc1)c1nccc(c1)C(=O)[O-],1,0,0.08642975986003876,false_negative,unexplained,xgboost
ch4_storage,838,[Eu].[O-]C(=O)c1ccc(cc1)C=Nc1cc(cc(c1)C(=O)[O-])C(=O)[O-],0,1,0.4073925316333771,false_positive,unexplained,xgboost
ch4_storage,4317,[In].[O-]C(=O)c1cc(cc(c1)C(=O)[O-])c1cc(cc(c1)C(=O)[O-])C(=O)[O-].[OH],0,1,0.4638707935810089,false_positive,unusual_metal,xgboost
ch4_storage,1032,[Dy].[Na].[O-]C(=O)c1ccc(cc1)C1=C2C=CC(=C(c3ccc(cc3)C(=O)[O-])C3=NC(=C(C4=CC=C(C(=C5N=C1C=C5)c1ccc(cc1)C(=O)[O-])[N]4)c1ccc(cc1)C(=O)[O-])C=C3)[N]2.[O-][C]=O.[O]N(=O)=O.[Zn],0,1,0.5349593162536621,false_positive,unusual_metal,xgboost
ch4_storage,3142,[O-]C(=O)Cc1nnc([nH]1)c1ccncc1.[Zn],1,0,0.12161963433027267,false_negative,unexplained,xgboost
ch4_storage,7079,[O-]C(=O)c1cccc(c1)c1cc(cc(c1)C(=O)[O-])C(=O)[O-].[Zn][OH][Zn],0,1,0.3919588625431061,false_positive,unexplained,xgboost
ch4_storage,4595,[Cu].n1ccc(cc1)CCc1ccncc1,1,0,0.3026200532913208,false_negative,unexplained,xgboost
ch4_storage,1668,[Nd].[O-]C(=O)c1ccc(cc1)c1cc(c2ccc(cc2)C(=O)O)c(cc1c1ccc(cc1)C(=O)[O-])c1ccc(cc1)C(=O)[O-],0,1,0.33476904034614563,false_positive,unexplained,xgboost
ch4_storage,6674,[O-]C(=O)c1cc(cc(c1)C(=O)[O-])c1cc(cc(c1)C(=O)[O-])C(=O)[O-].[OH].[V],1,0,0.24648655951023102,false_negative,unusual_metal,xgboost
ch4_storage,217,Nn1c(nnc1c1ccncc1)c1ccncc1.[O-]C(=O)c1ccc(cc1)c1ccc(cc1)N(c1ccc(cc1)c1ccc(cc1)C(=O)[O-])c1ccc(cc1)c1ccc(cc1)C(=O)[O-].[Zn],1,0,0.21005111932754517,false_negative,out_of_domain_linker_size,xgboost
ch4_storage,6672,[O-]C(=O)c1cc(cc(c1)C(=O)[O-])c1cc(cc(c1)C(=O)[O-])C(=O)[O-].[OH].[V],1,0,0.24648655951023102,false_negative,unusual_metal,xgboost
ch4_storage,2052,[Cr].[Mn].[O-]C(=O)C(=O)[O-],1,0,0.08244173228740692,false_negative,unexplained,xgboost
ch4_storage,3934,[Er].[O-]C(=O)c1ccc(cc1)C1=C2C=CC(=C(c3ccc(cc3)C(=O)[O-])C3=NC(=C(C4=CC=C(C(=C5N=C1C=C5)c1ccc(cc1)C(=O)[O-])[N]4)c1ccc(cc1)C(=O)[O-])C=C3)[N]2,0,1,0.3282466232776642,false_positive,unusual_metal,xgboost
ch4_storage,1557,[O-]C(=O)c1ccc(cc1)C(=O)[O-].[O-]C(=O)c1ccc(cc1)c1ccc(cc1)C(=O)[O-].[Zn][O]([Zn])([Zn])[Zn],0,1,0.8647500276565552,false_positive,multiple_linker_fragments,xgboost
ch4_storage,837,[Eu].[O-]C(=O)c1ccc(cc1)C=Nc1cc(cc(c1)C(=O)[O-])C(=O)[O-],0,1,0.4073925316333771,false_positive,unexplained,xgboost
ch4_storage,4140,[O-]C(=O)c1ccc2-c3c(C(c2c1)(C)C)cc(cc3)C(=O)[O-].[Zn][Zn].n1ccc(cc1)c1ccncc1,1,0,0.28398776054382324,false_negative,multiple_linker_fragments,xgboost
ch4_storage,7212,[Fe].n1nnc([nH]1)c1ccc(cc1)c1nnn[nH]1,0,1,0.40485209226608276,false_positive,unexplained,xgboost
ch4_storage,1234,[Co].[O]S(=O)(=O)[O].n1ccc(cc1)CCc1ccncc1,1,0,0.25554534792900085,false_negative,unexplained,xgboost
ch4_storage,3401,CO[C](c1cc(cc(c1)C(=O)[O-])C(=O)[O-])OC.[CH2]O[C](c1cc(cc(c1)C(=O)[O-])C(=O)[O-])OC.[CH2]O[C](c1cc(cc(c1)C(=O)[O-])C(=O)[O-])O[CH2].[Cu][Cu],0,1,0.7243791818618774,false_positive,multiple_linker_fragments,xgboost
ch4_storage,1672,[Ce].[O-]C(=O)c1ccc(cc1)c1cc(c2ccc(cc2)C(=O)O)c(cc1c1ccc(cc1)C(=O)[O-])c1ccc(cc1)C(=O)[O-],0,1,0.33476904034614563,false_positive,unusual_metal,xgboost
ch4_storage,2500,[Cu].[Cu][Cu].[O-]C(=O)c1c(cccc1C(=O)[O-])c1cc(cc(c1)C(=O)[O-])C(=O)[O-],0,1,0.4316633939743042,false_positive,unexplained,xgboost
ch4_storage,4141,[Cu].n1ncn(c1)[N][N]n1cnnc1,0,1,0.3936871886253357,false_positive,unexplained,xgboost
ch4_storage,4321,[In].[O-]C(=O)c1cc(cc(c1)C(=O)[O-])c1cc(cc(c1)C(=O)[O-])C(=O)[O-].[OH],0,1,0.4638707935810089,false_positive,unusual_metal,xgboost
ch4_storage,4279,[Ga].[O-]C(=O)C1=[C][C]=C([C]=[C]1)C1=C2[C]=[C]C(=C(C3=[C][C]=C([C]=[C]3)C(=O)[O-])C3=NC(=C(C4=[C][C]=C(C(=C5N=C1[C]=[C]5)C1=[C][C]=C([C]=[C]1)C(=O)[O-])[N]4)C1=[C][C]=C([C]=[C]1)C(=O)[O-])[C]=[C]3)[N]2.[O],1,0,0.23760348558425903,false_negative,unusual_metal,xgboost
ch4_storage,7653,[Fe].n1ncn(c1)[N][N]n1cnnc1,0,1,0.3669969439506531,false_positive,unexplained,xgboost
ch4_storage,6150,[O-]C(=O)c1ccc(s1)C(=O)[O-].[Zn],1,0,0.23956356942653656,false_negative,unexplained,xgboost
ch4_storage,218,Nn1c(nnc1c1ccncc1)c1ccncc1.[Cu].[O-]C(=O)c1ccc(cc1)c1ccc(cc1)N(c1ccc(cc1)c1ccc(cc1)C(=O)[O-])c1ccc(cc1)c1ccc(cc1)C(=O)[O-],1,0,0.24097974598407745,false_negative,out_of_domain_linker_size,xgboost
ch4_storage,5210,[O-]C(=O)c1ccc(cc1)c1ccc(cc1)C(=O)[O-].[Tb][Tb],1,0,0.19518610835075378,false_negative,unexplained,xgboost
ch4_storage,6660,C1=N[N]C=N1.[Cu].[N]1C=NN=C1,1,0,0.2658565938472748,false_negative,multiple_linker_fragments,xgboost
ch4_storage,4486,[O-]C(=O)c1ccc(c2c1OCO2)C(=O)[O-].[Zn][Zn].n1ccc(cc1)c1ccncc1,0,1,0.4269338548183441,false_positive,multiple_linker_fragments,xgboost
ch4_storage,66,[Cu].[Cu][OH][Cu][OH][Cu].n1ncn(c1)c1ccc(cc1)n1cnnc1,0,1,0.3268645405769348,false_positive,unexplained,xgboost
ch4_storage,7368,[O-]C(=O)c1cc(nc2c1cccc2)c1nc2ccccc2c(c1)C(=O)[O-].[U]1O[U]O1,1,0,0.05568915978074074,false_negative,unusual_metal,xgboost
ch4_storage,1007,[Cu].n1ncn(c1)[N][N]n1cnnc1,0,1,0.3936871886253357,false_positive,unexplained,xgboost
ch4_storage,4905,[Al].[O-]C(=O)C(=O)[O-].[O]P(=O)([O])[O],0,1,0.4834277331829071,false_positive,unexplained,xgboost
ch4_storage,1406,[Eu][Eu].[O-]C(=O)c1cc(cc(c1)C(=O)[O-])c1cc(cc(c1)C(=O)[O-])C(=O)[O-],1,0,0.19720812141895294,false_negative,unexplained,xgboost
ch4_storage,4278,CC(c1cccc(c1OP(=O)([O])[O])C(C)C)C.[O-][n+]1ccc(cc1)c1ccncc1.[Zn],1,0,0.04411547631025314,false_negative,multiple_linker_fragments,xgboost
ch4_storage,825,NC1=[C]C=C(C=C1c1ccc(cc1)C(=O)[O-])C1=CC(=C([C]=C1)N)c1ccc(cc1)C(=O)[O-].[Zn],0,1,0.3872913718223572,false_positive,unexplained,xgboost
ch4_storage,760,[Fe].[O-]C(=O)C(=O)[O-],1,0,0.10081357508897781,false_negative,unexplained,xgboost
ch4_storage,2812,ON1[CH]C=C(C=C1)C1=C[CH]N(C=C1)O.[Ni].[O-]C(=O)c1cc(cc(c1)C(=O)[O-])C(=O)[O-],0,1,0.3791576027870178,false_positive,multiple_linker_fragments,xgboost
ch4_storage,7564,[Cr].[Mn].[O-]C(=O)C(=O)[O-],1,0,0.08244173228740692,false_negative,unexplained,xgboost
ch4_storage,5954,[Cd].n1ccc(cc1)C1C(c2ccncc2)C(C1c1ccncc1)c1ccncc1,1,0,0.19899605214595795,false_negative,unexplained,xgboost
ch4_storage,6661,C1=N[N]C=N1.[Cu].[N]1C=NN=C1,1,0,0.2658565938472748,false_negative,multiple_linker_fragments,xgboost
ch4_storage,6065,Cl[Mn].N1=NN=C([N]1)c1ccc(cc1)C1=NN=N[N]1,1,0,0.30961430072784424,false_negative,unexplained,xgboost
ch4_storage,5928,[Ni].[O-]C(=O)c1cc(cc(c1)C(=O)[O-])c1cc(cc(c1)C(=O)[O-])C(=O)[O-].[O],0,1,0.3366085886955261,false_positive,unexplained,xgboost
ch4_storage,5442,[Fe].[O-]C(=O)c1cc(cc(c1)C(=O)[O-])c1cc(cc(c1)C(=O)[O-])C(=O)[O-].[OH],0,1,0.350049763917923,false_positive,unexplained,xgboost
ch4_storage,868,N1=CC=N[N]1.[CH]1C=NN=N1.[O-]C(=O)c1ccc(cc1)C(=O)[O-].[Zn],1,0,0.20534637570381165,false_negative,multiple_linker_fragments,xgboost
ch4_storage,6657,C1=N[N]C=N1.[Cu].[N]1C=NN=C1,1,0,0.2658565938472748,false_negative,multiple_linker_fragments,xgboost
ch4_storage,759,[Ni].[O-]C(=O)C(=O)[O-],1,0,0.09553582221269608,false_negative,unexplained,xgboost
ch4_storage,1429,[O-]C(=O)c1cc(cc(c1)C(=O)[O-])c1cc(cc(c1)C(=O)[O-])C(=O)[O-].[OH].[Sc],1,0,0.15352344512939453,false_negative,unusual_metal,xgboost
ch4_storage,2292,O=C(N1CCCC1C(=O)[O-])c1cc(cc(c1)C(=O)[O-])C(=O)[O-].[Cu][Cu].[O-]C(=O)[C]1[C]=C(C(=O)[O-])[C]2C34[C]1[C]3[C]([C]=C([C]24)C(=O)[O-])C(=O)[O-],0,1,0.5908617973327637,false_positive,multiple_linker_fragments,xgboost
ch4_storage,5609,[O-]C(=O)c1cc([N][N]c2ccccc2)cc(c1)C(=O)[O-].[Zn][O]([Zn])([Zn])[Zn].[Zn][O]([Zn][O]([Zn])[Zn])[Zn],0,1,0.35204601287841797,false_positive,unexplained,xgboost
ch4_storage,7506,COc1cc2OCCSCCSCCSCCOc3c4cc(C(c2cc1C(CC)c1cc2c(cc1OCCSCCSCCSCCOc1c(C2CC)cc(C4CC)c(c1)OC)OC)CC)c(OC)c3.[Ag].[Ag][Ag].[CH2]SCCOc1cc(OC)c2cc1C(CC)c1cc3c(cc1OC)OCCSCCSCCSCCOc1c(C(c4cc(C2CC)c(OCCS[CH2])cc4OC)CC)cc(C3CC)c(OC)c1,0,1,0.44709789752960205,false_positive,out_of_domain_linker_size,xgboost
ch4_storage,7305,I[Cu]I.[Cu].n1ccc(cc1)c1ccc(cc1)C(c1ccc(cc1)c1ccncc1)(c1ccc(cc1)c1ccncc1)c1ccc(cc1)c1ccncc1,0,1,0.7183394432067871,false_positive,unexplained,xgboost
ch4_storage,7397,[Cd].[O-]C(=O)c1ccnc(c1)c1cccc(c1)C(=O)[O-],1,0,0.04348624125123024,false_negative,unexplained,xgboost
ch4_storage,4325,[Cd].[Fe].[O]c1c(C=NCCN=Cc2cc(OCc3cc(cc(c3)C(=O)[O-])C(=O)[O-])cc(c2[O])C(C)(C)C)cc(cc1C(C)(C)C)OCc1cc(cc(c1)C(=O)[O-])C(=O)[O-],0,1,0.784722626209259,false_positive,unexplained,xgboost
ch4_storage,7092,[Zn].n1ncn(c1)[N][N]n1cnnc1,0,1,0.38484081625938416,false_positive,unexplained,xgboost
ch4_storage,4901,[O].[O]S(c1ccc(cc1)C1=C2C=CC(=C(c3ccc(cc3)S([O])([O])[O])C3=NC(=C(C4=CC=C(C(=C5N=C1C=C5)c1ccc(cc1)S([O])([O])[O])[N]4)c1ccc(cc1)S([O])([O])[O])C=C3)[N]2)([O])[O].[Sm].[V][V],0,1,0.39243605732917786,false_positive,unusual_metal,xgboost
ch4_storage,2553,[Ca].[O-]C(=O)C.[O-]C(=O)c1ccc(s1)C(=O)[O-],1,0,0.09915360063314438,false_negative,unusual_metal,xgboost
ch4_storage,3402,CO[C](c1cc(cc(c1)C(=O)[O-])C(=O)[O-])OC.[CH2]O[C](c1cc(cc(c1)C(=O)[O-])C(=O)[O-])OC.[CH2]O[C](c1cc(cc(c1)C(=O)[O-])C(=O)[O-])O[CH2].[Cu][Cu],0,1,0.7243791818618774,false_positive,multiple_linker_fragments,xgboost
ch4_storage,1437,[Cu].n1ccc(cc1)CCc1ccncc1,1,0,0.3026200532913208,false_negative,unexplained,xgboost
ch4_storage,1005,O=CN(C)C.Oc1cc(ccc1c1ccc(cc1O)C(=O)[O-])C(=O)[O-].[Sr],1,0,0.10610724985599518,false_negative,unusual_metal,xgboost
ch4_storage,2129,[Nd].[O-]C(=O)c1ccc(s1)C(=O)[O-],1,0,0.024214470759034157,false_negative,unexplained,xgboost
ch4_storage,7478,O=C(c1ccc(cc1)C(=O)Nc1ccncc1)Nc1ccncc1.[O-]C(=O)c1ccc(cc1)[N][N]c1ccc(cc1)C(=O)[O-].[Zn][Zn],0,1,0.4466272294521332,false_positive,multiple_linker_fragments,xgboost
ch4_storage,7032,[O-]C(=O)c1ccc(cc1)c1c(cc(cc1C(=O)[O-])C(=O)[O-])C(=O)[O-].[Pb],1,0,0.11355753988027573,false_negative,unusual_metal,xgboost
ch4_storage,7493,CC1=NN=N[N]1.CC1=N[N]N=N1.[Zn],1,0,0.1437358409166336,false_negative,multiple_linker_fragments,xgboost
ch4_storage,5722,[O-]C(=O)c1cc(OCCOc2cc(cc(c2)C(=O)[O-])C(=O)[O-])cc(c1)C(=O)[O-].[Zn],1,0,0.1643034815788269,false_negative,unexplained,xgboost
ch4_storage,1480,[Co][OH2][Co][OH2][Co].[O-]C(=O)c1ccc(cc1)c1ccc(cc1C(=O)[O-])C(=O)[O-],0,1,0.4652954638004303,false_positive,unexplained,xgboost
ch4_storage,4505,[Cr].[Mn].[O-]C(=O)C(=O)[O-],1,0,0.08244173228740692,false_negative,unexplained,xgboost
ch4_storage,423,[O-]C(=O)c1ccc(cc1)C=Nc1cc(cc(c1)C(=O)[O-])C(=O)[O-].[Sm],0,1,0.4073925316333771,false_positive,unusual_metal,xgboost
ch4_storage,6670,[O-]C(=O)c1cc(cc(c1)C(=O)[O-])c1cc(cc(c1)C(=O)[O-])C(=O)[O-].[OH].[V],1,0,0.24648655951023102,false_negative,unusual_metal,xgboost
ch4_storage,6314,[O-]C(=O)C(=O)[O-].[Zn],1,0,0.12147209048271179,false_negative,unexplained,xgboost
ch4_storage,6668,C1=N[N]C=N1.[Cu].[N]1C=NN=C1,1,0,0.2658565938472748,false_negative,multiple_linker_fragments,xgboost
ch4_storage,386,[Fe].n1ncn(c1)[N][N]n1cnnc1,0,1,0.3669969439506531,false_positive,unexplained,xgboost
ch4_storage,1597,Cc1c(cc(c(c1c1c([O])c(cc(c1C)c1cc(cc(c1)C(=O)[O-])C(=O)[O-])C(C)(C)C)[O])C(C)(C)C)c1cc(cc(c1)C(=O)[O-])C(=O)[O-].[Dy].[Na],1,0,0.2894444465637207,false_negative,unusual_metal,xgboost
ch4_storage,6675,[O-]C(=O)c1cc(cc(c1)C(=O)[O-])c1cc(cc(c1)C(=O)[O-])C(=O)[O-].[OH].[V],1,0,0.24648655951023102,false_negative,unusual_metal,xgboost
ch4_storage,6947,[Cu].[N]([CH][C]1C=NC=N1)[N]C=C1[CH]N=C[N]1.[N]([CH][C]1N=CN=C1)[N]C=C1N=CN=C1,0,1,0.35346439480781555,false_positive,multiple_linker_fragments,xgboost
ch4_storage,436,[Cr].[Mn].[O-]C(=O)C(=O)[O-],1,0,0.08244173228740692,false_negative,unexplained,xgboost
ch4_storage,2814,[Cu][Cu].[O-]C(=O)c1cc(N(=O)=O)c(c(c1)N(=O)=O)c1c(cc(cc1N(=O)=O)C(=O)[O-])N(=O)=O,1,0,0.16938945651054382,false_negative,unexplained,xgboost
ch4_storage,6665,C1=N[N]C=N1.[Cu].[N]1C=NN=C1,1,0,0.2658565938472748,false_negative,multiple_linker_fragments,xgboost
ch4_storage,5213,[O-]C(=O)c1ccc(cc1)c1ccc(cc1)C(=O)[O-].[Y][Y],1,0,0.23467931151390076,false_negative,unusual_metal,xgboost
ch4_storage,5907,[O-]C(=O)c1ccc(cc1)CN1CCN(CCN(CC1)Cc1ccc(cc1)C(=O)[O-])Cc1ccc(cc1)C(=O)[O-].[Zn],1,0,0.2564854323863983,false_negative,unexplained,xgboost
ch4_storage,2309,[O-]C(=O)c1ccc(cc1)[N][N]c1ccc(cc1)C(=O)[O-].[Sm],0,1,0.39433959126472473,false_positive,unusual_metal,xgboost
ch4_storage,7360,[O-]C(=O)c1ccc(cc1)c1cncc(c1)c1ccc(cc1)C(=O)[O-].[Yb]12[OH]3[Yb]4[OH]2[Yb]2[OH]1[Yb]3[OH]42,1,0,0.24336585402488708,false_negative,unusual_metal,xgboost
ch4_storage,2499,[Cu].[Cu][Cu].[Cu][OH]1[Cu][OH]([Cu]1)[Cu].[O-]C(=O)c1c(cccc1C(=O)[O-])c1cc(cc(c1)C(=O)[O-])C(=O)[O-],0,1,0.3729451298713684,false_positive,unexplained,xgboost
ch4_storage,1478,[Ni][OH2][Ni][OH2][Ni].[O-]C(=O)c1ccc(cc1)c1ccc(cc1C(=O)[O-])C(=O)[O-],0,1,0.6189384460449219,false_positive,unexplained,xgboost
ch4_storage,6876,[O-]C(=O)c1cc(cc(c1)C(=O)[O-])c1cc(ccc1C(=O)[O-])C(=O)[O-].[Zn],1,0,0.2044055163860321,false_negative,unexplained,xgboost
ch4_storage,2313,[Dy].[O-]C(=O)c1ccc(cc1)[N][N]c1ccc(cc1)C(=O)[O-],0,1,0.40328994393348694,false_positive,unusual_metal,xgboost
ch4_storage,5351,FC1=CC(=C([C]=C1)C(CN1[CH]N=C[N]1)(CN1[CH]N=C[N]1)[O])F.FC1=C[C]=C(C(=C1)F)C(CN1[CH]N=C[N]1)(CN1[CH]N=C[N]1)[O].[Cu],1,0,0.15141095221042633,false_negative,multiple_linker_fragments,xgboost
ch4_storage,2411,N1=NN=C([N]1)c1ccc(cc1)C1=NN=N[N]1.[Cd],1,0,0.18602843582630157,false_negative,unexplained,xgboost
ch4_storage,475,[Ni][OH]1[Ni][OH]([Ni])[Ni]2[OH]([Ni]1[OH]2[Ni])[Ni].[O-]C(=O)c1cccc(c1)C(=O)[O-].[O-]C(=O)c1ccncc1,0,1,0.4785391092300415,false_positive,multiple_linker_fragments,xgboost
ch4_storage,6669,[O-]C(=O)c1cc(cc(c1)C(=O)[O-])c1cc(cc(c1)C(=O)[O-])C(=O)[O-].[OH].[V],1,0,0.24648655951023102,false_negative,unusual_metal,xgboost
ch4_storage,4316,[In].[O-]C(=O)c1cc(cc(c1)C(=O)[O-])c1cc(cc(c1)C(=O)[O-])C(=O)[O-].[OH],0,1,0.4638707935810089,false_positive,unusual_metal,xgboost
ch4_storage,3099,C1=N[N]C=N1.[Cu].[N]1C=NN=C1,1,0,0.2658565938472748,false_negative,multiple_linker_fragments,xgboost
ch4_storage,5072,[Cu].[O-][n+]1ccc(cc1)c1cc[n+](cc1)[O-],1,0,0.2429613471031189,false_negative,unexplained,xgboost
ch4_storage,6024,C(CCN1[CH]N=C[N]1)CCCn1cncn1.C(CCN1[N]C=N[CH]1)CCCN1[N]C=N[CH]1.[Cu],0,1,0.4325768053531647,false_positive,multiple_linker_fragments,xgboost
ch4_storage,1872,[Nd].[O-]C(=O)c1ccc(cc1)C=Nc1cc(cc(c1)C(=O)[O-])C(=O)[O-],0,1,0.5906579494476318,false_positive,unexplained,xgboost
ch4_storage,1163,[Mn].[Mn]O[Mn].[O-]C(=O)c1ccc(cc1)[N][N]c1cc(cc(c1)C(=O)[O-])C(=O)[O-],0,1,0.5173328518867493,false_positive,unexplained,xgboost
ch4_storage,435,[Cr].[Mn].[O-]C(=O)C(=O)[O-],1,0,0.08244173228740692,false_negative,unexplained,xgboost
ch4_storage,1264,[O-]C(=O)c1cc([N][N]c2cc(cc(c2)C(=O)[O-])C(=O)[O-])cc(c1)C(=O)[O-].[Tb].[Zn],0,1,0.37042954564094543,false_positive,unexplained,xgboost
ch4_storage,961,[O]12[Eu]34[O]5[Eu]62[O]2[Eu]71[O]4[Eu]14[O]3[Eu]35[O]6[Eu]2([O]71)[O]43.[O]S(c1ccc(cc1)C1=C2C=CC(=N2)C(=c2ccc(=C(C3=NC(=C(c4[nH]c1cc4)c1ccc(cc1)S([O])([O])[O])C=C3)c1ccc(cc1)S([O])([O])[O])[nH]2)c1ccc(cc1)S([O])([O])[O])([O])[O],0,1,0.37651464343070984,false_positive,out_of_domain_linker_size,xgboost
ch4_storage,3548,COc1cc(cc(c1c1c(OC)cc(cc1OC)C(=O)[O-])OC)C(=O)[O-].[Zn][O]([Zn])([Zn])[Zn],1,0,0.25587835907936096,false_negative,unexplained,xgboost
ch4_storage,697,O=C(C(=O)NCc1cccnc1)NCc1cccnc1.[Cu]Br,0,1,0.43943876028060913,false_positive,unexplained,xgboost
ch4_storage,3198,[Co].[Cu].[O-]C(=O)C(C(=O)[O-])(O)[O].[O-]C(=O)C(C(=O)[O-])([O])O,1,0,0.017012376338243484,false_negative,multiple_linker_fragments,xgboost
ch4_storage,7468,[Er]12[OH]3[Er]4[OH]2[Er]2[OH]1[Er]3[OH]42.[O-]C(=O)c1ccc(cc1)c1cncc(c1)c1ccc(cc1)C(=O)[O-],1,0,0.21502432227134705,false_negative,unusual_metal,xgboost
ch4_storage,7234,[Cu].[O-]C(=O)C1=C(C)[N]N=C1C.[O-]C(=O)[C]1C(=NN=C1C)C,1,0,0.14884130656719208,false_negative,multiple_linker_fragments,xgboost
ch4_storage,6811,[O-]C(=O)C(=O)[O-].[Zn],1,0,0.12147209048271179,false_negative,unexplained,xgboost
ch4_storage,387,[Fe].n1ncn(c1)[N][N]n1cnnc1,0,1,0.3669969439506531,false_positive,unexplained,xgboost
ch4_storage,4005,[O-]C(=O)c1ccc(cc1)c1cncc(c1)c1ccc(cc1)C(=O)[O-].[Zn],0,1,0.38185474276542664,false_positive,unexplained,xgboost
ch4_storage,1107,C1CN2CCN1CC2.[O-]C(=O)c1ccc(cc1F)C1=NN=N[N]1.[O-]C(=O)c1ccc(cc1F)C1=N[N]N=N1.[Zn],1,0,0.07446492463350296,false_negative,multiple_linker_fragments,xgboost
ch4_storage,7248,[Li].[O-]C(=O)c1cc([N][N]c2cc(cc(c2)C(=O)[O-])C(=O)[O-])cc(c1)C(=O)[O-],0,1,0.6756967902183533,false_positive,unusual_metal,xgboost
ch4_storage,6523,C1=N[CH]N([N]1)Cc1ccc(cc1)c1ccc(cc1)Cn1cncn1.N1=C[N]N([CH]1)Cc1ccc(cc1)c1ccc(cc1)CN1[N]C=N[CH]1.[Co],1,0,0.2562367022037506,false_negative,multiple_linker_fragments,xgboost
ch4_storage,3966,C(CN1[N]C=N[CH]1)CCN1[N]C=N[CH]1.C(CN1[N]C=N[CH]1)CCn1ncnc1.C(Cn1ncnc1)CCn1ncnc1.[Ag].[Ag][Ag][Ag],1,0,0.09311200678348541,false_negative,multiple_linker_fragments,xgboost
ch4_storage,490,[Na].[O-]C(=O)C(=O)[O-],1,0,0.04252258315682411,false_negative,unusual_metal,xgboost
ch4_storage,1649,O=C(c1ccc(cc1)C(=O)Nc1cc(cc(c1)C(=O)[O-])C(=O)[O-])Nc1cc(cc(c1)C(=O)[O-])C(=O)[O-].[Cd],0,1,0.6528193950653076,false_positive,unexplained,xgboost
ch4_storage,5889,N#Cc1cc(C#N)cc(c1Oc1cc(cc(c1)Oc1c(C#N)cc(cc1C#N)C#N)Oc1c(C#N)cc(cc1C#N)C#N)C#N.[Ag],1,0,0.18286381661891937,false_negative,unexplained,xgboost
ch4_storage,384,[Fe].n1ncn(c1)[N][N]n1cnnc1,0,1,0.3669969439506531,false_positive,unexplained,xgboost
ch4_storage,7206,[Cd].[O-]C(=O)c1cc(OCc2cc(COc3cc(cc(c3)C(=O)[O-])C(=O)[O-])c(cc2COc2cc(cc(c2)C(=O)[O-])C(=O)[O-])COc2cc(cc(c2)C(=O)[O-])C(=O)[O-])cc(c1)C(=O)[O-],0,1,0.64154052734375,false_positive,out_of_domain_linker_size,xgboost
ch4_storage,1511,[O].[O]S(c1ccc(cc1)C1=C2C=CC(=C(c3ccc(cc3)S([O])([O])[O])C3=NC(=C(C4=CC=C(C(=C5N=C1C=C5)c1ccc(cc1)S([O])([O])[O])[N]4)c1ccc(cc1)S([O])([O])[O])C=C3)[N]2)([O])[O].[Sm].[Zn][Zn],0,1,0.3629709780216217,false_positive,out_of_domain_linker_size,xgboost
ch4_storage,484,[O-][n+]1ccc(cc1)c1cc[n+](cc1)[O-].[Tb],1,0,0.06448622792959213,false_negative,unexplained,xgboost
ch4_storage,4637,[Mg].[O-]C(=O)c1ccc(s1)C(=O)[O-],0,1,0.401959091424942,false_positive,unexplained,xgboost
ch4_storage,6664,C1=N[N]C=N1.[Cu].[N]1C=NN=C1,1,0,0.2658565938472748,false_negative,multiple_linker_fragments,xgboost
ch4_storage,2298,[O-]C(=O)c1ccc(cc1)c1cc(cc(c1)C(=O)[O-])C(=O)[O-].[Zn],0,1,0.4764857590198517,false_positive,unexplained,xgboost
ch4_storage,2314,[Ho].[O-]C(=O)c1ccc(cc1)[N][N]c1ccc(cc1)C(=O)[O-],0,1,0.40328994393348694,false_positive,unusual_metal,xgboost
ch4_storage,6083,[O]N(c1cc(cc(c1)C(=O)[O-])C(=O)[O-])[N]c1cc(cc(c1)C(=O)[O-])C(=O)[O-].[Zn],0,1,0.5168290138244629,false_positive,unexplained,xgboost
ch4_storage,1031,[Na].[O-]C(=O)c1ccc(cc1)C1=C2C=CC(=C(c3ccc(cc3)C(=O)[O-])C3=NC(=C(C4=CC=C(C(=C5N=C1C=C5)c1ccc(cc1)C(=O)[O-])[N]4)c1ccc(cc1)C(=O)[O-])C=C3)[N]2.[O-][C]=O.[O]N(=O)=O.[Sm].[Zn],0,1,0.5349593162536621,false_positive,unusual_metal,xgboost
ch4_storage,5479,C(CCN1[CH]N=C[N]1)CCCn1cncn1.C(CCN1[N]C=N[CH]1)CCCN1[N]C=N[CH]1.[Cu],0,1,0.4325768053531647,false_positive,multiple_linker_fragments,xgboost
ch4_storage,385,[Fe].n1ncn(c1)[N][N]n1cnnc1,0,1,0.3669969439506531,false_positive,unexplained,xgboost
ch4_storage,5332,[Ce].[O-]C(=O)c1ccc(cc1)C1=C2C=CC(=N2)C(=c2ccc(=C(C3=NC(=C(c4[nH]c1cc4)c1ccc(cc1)C(=O)[O-])C=C3)c1ccc(cc1)C(=O)[O-])[nH]2)c1ccc(cc1)C(=O)[O-].[O-]C=O,0,1,0.3386845588684082,false_positive,unusual_metal,xgboost
ch4_storage,5561,[Eu].[O-]C(=O)c1ccc(cc1O)c1ccc(c(c1)[O])C(=O)[O-],1,0,0.1166481077671051,false_negative,unexplained,xgboost
ch4_storage,1650,O=C(c1ccc(cc1)C(=O)Nc1cc(cc(c1)C(=O)[O-])C(=O)[O-])Nc1cc(cc(c1)C(=O)[O-])C(=O)[O-].[Zn],0,1,0.7136364579200745,false_positive,unexplained,xgboost
ch4_storage,994,[O-]C(=O)c1ccc(cc1)c1cc(cc(c1)C(=O)[O-])C(=O)[O-].[Zn][O]([Zn])([Zn])[Zn],0,1,0.8738734126091003,false_positive,unexplained,xgboost
ch4_storage,2310,[Eu].[O-]C(=O)c1ccc(cc1)[N][N]c1ccc(cc1)C(=O)[O-],0,1,0.40328994393348694,false_positive,unexplained,xgboost
ch4_storage,4599,[O-]C(=O)c1cc(cc(c1)S(O)([O])[O])C(=O)[O-].[O-]C(=O)c1cc(cc(c1)S([O])([O])O)C(=O)[O-].[O-]C(=O)c1cc(cc(c1)S([O])([O])[O])C(=O)[O-].[Zn].n1ccc(cc1)c1ccncc1,0,1,0.40132203698158264,false_positive,out_of_domain_linker_size,xgboost
ch4_storage,6667,C1=N[N]C=N1.[Cu].[N]1C=NN=C1,1,0,0.2658565938472748,false_negative,multiple_linker_fragments,xgboost
ch4_storage,6214,[Mn].[O-]C(=O)c1ccc(cc1)c1ccc(cc1)C(=O)[O-],1,0,0.27667930722236633,false_negative,unexplained,xgboost
ch4_storage,2399,[La].[O-][n+]1ccc(cc1)c1cc[n+](cc1)[O-],1,0,0.06448622792959213,false_negative,unexplained,xgboost
ch4_storage,5419,[Al].[O-]C(=O)C(=O)[O-].[O]P(=O)(O)[O].[O]P(=O)([O])O.[O]P(=O)([O])[O],0,1,0.4834277331829071,false_positive,unexplained,xgboost
ch4_storage,7235,[Cu].[O-]C(=O)C1=C(C)[N]N=C1C.[O-]C(=O)[C]1C(=NN=C1C)C,1,0,0.14884130656719208,false_negative,multiple_linker_fragments,xgboost
ch4_storage,1335,[Cu].n1ccc(cc1)c1nnc(s1)c1ccncc1,0,1,0.4815363585948944,false_positive,unexplained,xgboost
ch4_storage,4449,[Cd].[O-]C(=O)c1ccc(cc1)[N][N]c1cc(cc(c1)C(=O)[O-])C(=O)[O-],1,0,0.2317797988653183,false_negative,unexplained,xgboost
ch4_storage,4904,[Mn].[O-]C(=O)c1cc2c(s1)c1cc(sc1c1c2sc(c1)C(=O)[O-])C(=O)[O-],1,0,0.3061266243457794,false_negative,unexplained,xgboost
ch4_storage,2281,C1=N[CH]C(=C1)c1ccc(cc1)C1=C[CH]N=C1.N1=CC=C([CH]1)c1ccc(cc1)C1=CC=N[CH]1.N1=CC=C([CH]1)c1ccc(cc1)[C]1C=CN=C1.N1=C[C](C=C1)c1ccc(cc1)C1=C[N]C=C1.[CH]1N=CC(=C1)c1ccc(cc1)C1=CN=C[CH]1.[CH]1N=CC(=C1)c1ccc(cc1)C1=C[CH]N=C1.[Co],1,0,0.0963071957230568,false_negative,out_of_domain_linker_size,xgboost
ch4_storage,1868,[Nd].[O-]C(=O)c1ccc(cc1)C=Nc1cc(cc(c1)C(=O)[O-])C(=O)[O-],0,1,0.5906579494476318,false_positive,unexplained,xgboost
ch4_storage,6213,[Mn].[O-]C(=O)c1ccc(cc1)c1ccc(cc1)C(=O)[O-],1,0,0.27667930722236633,false_negative,unexplained,xgboost
